{
    "/drum_F": 2993.528411131209,
    "/drum_E": -17.336826650022005,
    "/drum_C": 2301.7027053746833,
    "/drum_bpm": 171.42857110926084,
    "/melo_pitch": 409.72701059559023,
    "/melo_F": 1788.1838301100654,
    "/melo_E": -26.818503436781057,
    "/melo_C": 1181.6154506939424,
    "/melo_bpm": 99.99999981373549
}